comment_id,session_id,paradigm,coder1_severity,coder1_type,coder1_action,coder2_severity,coder2_type,coder2_action
1,1,object_oriented,critical,style,must_fix,critical,style,must_fix
2,1,object_oriented,major,documentation,should_fix,minor,documentation,should_fix
3,1,object_oriented,critical,documentation,must_fix,critical,documentation,must_fix
4,1,object_oriented,trivial,performance,consider_fixing,trivial,performance,consider_fixing
5,2,procedural,major,documentation,should_fix,major,documentation,should_fix
6,2,procedural,minor,style,must_fix,minor,style,must_fix
7,2,procedural,major,design,should_fix,major,design,should_fix
8,2,procedural,major,documentation,should_fix,major,documentation,should_fix
9,3,functional,major,design,should_fix,major,design,should_fix
10,3,functional,critical,bug,should_fix,critical,bug,should_fix
11,3,functional,trivial,style,ignore,trivial,style,ignore
12,3,functional,minor,performance,consider_fixing,minor,performance,consider_fixing
13,3,functional,minor,performance,should_fix,trivial,performance,should_fix
14,3,functional,trivial,style,ignore,trivial,style,ignore
15,3,functional,minor,style,consider_fixing,minor,style,consider_fixing
16,3,functional,major,performance,should_fix,major,performance,should_fix
17,3,functional,minor,style,consider_fixing,major,style,consider_fixing
18,3,functional,minor,documentation,consider_fixing,minor,documentation,consider_fixing
19,4,procedural,major,performance,should_fix,critical,documentation,should_fix
20,4,procedural,major,design,should_fix,major,performance,should_fix
21,4,procedural,major,style,should_fix,major,style,should_fix
22,4,procedural,minor,documentation,consider_fixing,major,documentation,consider_fixing
23,4,procedural,critical,performance,must_fix,critical,documentation,must_fix
24,4,procedural,trivial,performance,ignore,trivial,performance,ignore
25,5,functional,critical,style,must_fix,critical,style,must_fix
26,5,functional,minor,performance,consider_fixing,minor,performance,consider_fixing
27,5,functional,major,style,should_fix,major,style,must_fix
28,6,object_oriented,major,bug,should_fix,major,bug,should_fix
29,6,object_oriented,critical,performance,must_fix,critical,performance,must_fix
30,7,functional,trivial,design,ignore,trivial,style,ignore
31,7,functional,minor,bug,consider_fixing,minor,bug,consider_fixing
32,7,functional,minor,performance,should_fix,minor,performance,should_fix
33,7,functional,trivial,performance,ignore,trivial,performance,ignore
34,7,functional,major,bug,should_fix,major,style,must_fix
35,8,object_oriented,trivial,design,consider_fixing,trivial,design,consider_fixing
36,8,object_oriented,minor,style,consider_fixing,minor,style,consider_fixing
37,8,object_oriented,minor,style,consider_fixing,critical,style,consider_fixing
38,8,object_oriented,major,style,should_fix,major,style,should_fix
39,8,object_oriented,trivial,style,ignore,critical,style,ignore
40,8,object_oriented,trivial,design,ignore,trivial,design,ignore
41,8,object_oriented,major,documentation,should_fix,major,documentation,should_fix
42,9,procedural,trivial,documentation,consider_fixing,trivial,documentation,consider_fixing
43,9,procedural,major,performance,should_fix,major,performance,should_fix
44,9,procedural,critical,documentation,must_fix,critical,performance,must_fix
45,10,object_oriented,minor,bug,must_fix,minor,bug,must_fix
46,10,object_oriented,major,performance,should_fix,major,performance,should_fix
47,10,object_oriented,trivial,style,consider_fixing,trivial,style,consider_fixing
48,11,procedural,major,bug,consider_fixing,major,bug,consider_fixing
49,11,procedural,critical,documentation,must_fix,critical,documentation,must_fix
50,11,procedural,major,design,should_fix,critical,design,must_fix
51,11,procedural,critical,performance,should_fix,critical,performance,must_fix
52,12,functional,trivial,performance,ignore,trivial,performance,ignore
53,12,functional,minor,style,consider_fixing,major,style,should_fix
54,13,procedural,critical,bug,must_fix,critical,bug,must_fix
55,13,procedural,minor,design,should_fix,minor,design,should_fix
56,13,procedural,minor,style,should_fix,minor,performance,ignore
57,14,functional,trivial,performance,ignore,trivial,performance,ignore
58,14,functional,critical,design,must_fix,critical,bug,must_fix
59,14,functional,trivial,design,ignore,trivial,design,ignore
60,14,functional,minor,documentation,ignore,minor,documentation,consider_fixing
61,14,functional,major,documentation,should_fix,major,documentation,should_fix
62,15,object_oriented,minor,design,consider_fixing,minor,design,should_fix
63,15,object_oriented,minor,design,consider_fixing,minor,design,consider_fixing
64,15,object_oriented,trivial,bug,ignore,trivial,style,ignore
65,15,object_oriented,minor,bug,should_fix,minor,bug,should_fix
66,15,object_oriented,major,design,should_fix,major,design,should_fix
67,15,object_oriented,trivial,documentation,ignore,trivial,documentation,ignore
68,15,object_oriented,critical,bug,consider_fixing,critical,bug,consider_fixing
69,16,functional,trivial,bug,ignore,trivial,bug,ignore
70,16,functional,critical,design,must_fix,critical,style,must_fix
71,16,functional,major,design,should_fix,major,performance,should_fix
72,16,functional,minor,documentation,should_fix,trivial,documentation,should_fix
73,16,functional,trivial,style,ignore,trivial,style,ignore
74,17,object_oriented,critical,performance,must_fix,critical,performance,must_fix
75,17,object_oriented,major,design,consider_fixing,major,design,consider_fixing
76,17,object_oriented,minor,style,consider_fixing,minor,style,consider_fixing
77,17,object_oriented,critical,performance,must_fix,critical,performance,must_fix
78,17,object_oriented,trivial,performance,should_fix,trivial,performance,should_fix
79,17,object_oriented,minor,style,consider_fixing,minor,style,should_fix
80,17,object_oriented,minor,bug,consider_fixing,minor,bug,consider_fixing
81,18,procedural,critical,design,must_fix,critical,design,must_fix
82,18,procedural,major,documentation,should_fix,major,documentation,should_fix
83,19,object_oriented,trivial,bug,ignore,trivial,bug,ignore
84,19,object_oriented,major,performance,should_fix,major,performance,should_fix
85,19,object_oriented,minor,design,consider_fixing,minor,design,ignore
86,19,object_oriented,minor,performance,must_fix,major,performance,must_fix
87,19,object_oriented,major,bug,should_fix,major,bug,should_fix
88,19,object_oriented,trivial,documentation,consider_fixing,trivial,documentation,consider_fixing
89,20,procedural,critical,design,must_fix,critical,design,must_fix
90,20,procedural,major,documentation,should_fix,minor,documentation,should_fix
91,20,procedural,major,performance,should_fix,major,performance,should_fix
92,20,procedural,major,style,should_fix,major,style,should_fix
93,21,functional,major,performance,must_fix,major,performance,must_fix
94,21,functional,trivial,design,consider_fixing,trivial,design,consider_fixing
95,22,procedural,major,bug,should_fix,major,bug,should_fix
96,22,procedural,critical,performance,consider_fixing,critical,performance,consider_fixing
97,22,procedural,critical,bug,must_fix,critical,bug,must_fix
98,22,procedural,minor,bug,consider_fixing,minor,bug,consider_fixing
99,22,procedural,minor,style,consider_fixing,minor,style,consider_fixing
100,22,procedural,minor,documentation,consider_fixing,minor,design,should_fix
101,23,functional,major,style,should_fix,major,style,should_fix
102,23,functional,trivial,documentation,ignore,trivial,documentation,ignore
103,23,functional,minor,style,consider_fixing,minor,style,consider_fixing
104,24,object_oriented,trivial,bug,ignore,trivial,bug,ignore
105,24,object_oriented,major,bug,should_fix,major,bug,must_fix
106,24,object_oriented,critical,style,should_fix,critical,style,should_fix
107,25,functional,major,documentation,consider_fixing,major,documentation,consider_fixing
108,25,functional,minor,design,consider_fixing,minor,design,consider_fixing
109,25,functional,minor,performance,must_fix,minor,performance,must_fix
110,25,functional,minor,style,consider_fixing,major,style,consider_fixing
111,26,object_oriented,major,documentation,should_fix,critical,documentation,should_fix
112,26,object_oriented,trivial,design,ignore,trivial,design,ignore
113,26,object_oriented,major,documentation,must_fix,major,documentation,must_fix
114,26,object_oriented,trivial,design,ignore,trivial,performance,ignore
115,27,procedural,critical,performance,must_fix,critical,performance,must_fix
116,27,procedural,minor,design,consider_fixing,minor,design,consider_fixing
117,27,procedural,critical,design,must_fix,major,design,must_fix
118,27,procedural,critical,design,must_fix,critical,design,must_fix
119,27,procedural,major,bug,consider_fixing,major,bug,consider_fixing
120,28,object_oriented,minor,performance,consider_fixing,minor,performance,consider_fixing
121,28,object_oriented,minor,performance,should_fix,minor,performance,should_fix
122,28,object_oriented,major,performance,should_fix,major,design,should_fix
123,28,object_oriented,major,performance,should_fix,major,performance,should_fix
124,29,procedural,minor,documentation,ignore,minor,documentation,ignore
125,29,procedural,minor,bug,consider_fixing,minor,bug,consider_fixing
126,29,procedural,trivial,performance,ignore,trivial,performance,consider_fixing
127,29,procedural,minor,bug,consider_fixing,minor,bug,consider_fixing
128,29,procedural,major,style,should_fix,major,style,must_fix
129,29,procedural,critical,performance,must_fix,critical,performance,must_fix
130,30,functional,trivial,documentation,consider_fixing,trivial,documentation,ignore
131,30,functional,minor,design,consider_fixing,minor,design,consider_fixing
132,30,functional,critical,bug,must_fix,major,bug,must_fix
133,30,functional,major,performance,should_fix,major,performance,should_fix
134,31,procedural,trivial,bug,ignore,trivial,bug,ignore
135,31,procedural,critical,performance,should_fix,critical,performance,should_fix
136,31,procedural,minor,design,consider_fixing,minor,design,consider_fixing
137,31,procedural,major,bug,must_fix,trivial,design,must_fix
138,31,procedural,major,design,should_fix,major,design,should_fix
139,31,procedural,critical,bug,must_fix,critical,design,must_fix
140,31,procedural,critical,style,must_fix,critical,style,must_fix
141,32,functional,minor,style,should_fix,critical,style,should_fix
142,32,functional,trivial,style,ignore,trivial,documentation,ignore
143,32,functional,minor,design,consider_fixing,minor,design,ignore
144,32,functional,minor,documentation,should_fix,minor,documentation,should_fix
145,32,functional,minor,design,consider_fixing,minor,design,ignore
146,32,functional,trivial,performance,consider_fixing,trivial,performance,consider_fixing
147,32,functional,trivial,style,ignore,trivial,style,consider_fixing
148,32,functional,minor,style,consider_fixing,minor,style,consider_fixing
149,32,functional,minor,documentation,consider_fixing,minor,documentation,ignore
150,33,object_oriented,major,documentation,should_fix,trivial,documentation,should_fix
151,33,object_oriented,critical,style,must_fix,minor,style,must_fix
152,33,object_oriented,major,bug,should_fix,major,bug,should_fix
153,34,functional,trivial,design,ignore,trivial,design,ignore
154,34,functional,critical,documentation,must_fix,minor,documentation,must_fix
155,34,functional,minor,bug,must_fix,minor,bug,must_fix
156,34,functional,minor,design,consider_fixing,minor,style,should_fix
157,35,object_oriented,trivial,design,ignore,trivial,design,ignore
158,35,object_oriented,critical,documentation,must_fix,critical,documentation,must_fix
159,35,object_oriented,trivial,bug,consider_fixing,trivial,bug,should_fix
160,36,procedural,major,design,should_fix,major,design,should_fix
161,36,procedural,minor,performance,consider_fixing,major,performance,consider_fixing
162,36,procedural,critical,design,must_fix,critical,design,must_fix
163,36,procedural,critical,performance,must_fix,critical,performance,must_fix
164,37,object_oriented,minor,bug,consider_fixing,minor,bug,consider_fixing
165,37,object_oriented,major,performance,should_fix,major,performance,should_fix
166,37,object_oriented,trivial,documentation,ignore,trivial,documentation,ignore
167,37,object_oriented,minor,bug,should_fix,critical,bug,should_fix
168,37,object_oriented,minor,documentation,consider_fixing,minor,performance,consider_fixing
169,38,procedural,trivial,performance,ignore,trivial,performance,consider_fixing
170,38,procedural,minor,documentation,consider_fixing,minor,documentation,consider_fixing
171,39,functional,major,design,should_fix,critical,design,should_fix
172,39,functional,minor,design,ignore,minor,design,ignore
173,39,functional,minor,bug,consider_fixing,minor,bug,consider_fixing
174,39,functional,minor,documentation,consider_fixing,minor,documentation,consider_fixing
175,39,functional,trivial,documentation,consider_fixing,trivial,documentation,consider_fixing
176,40,procedural,major,style,should_fix,major,style,should_fix
177,40,procedural,minor,design,consider_fixing,minor,design,consider_fixing
178,40,procedural,critical,performance,must_fix,major,performance,must_fix
179,40,procedural,minor,bug,ignore,minor,bug,ignore
180,40,procedural,major,style,should_fix,major,style,should_fix
181,40,procedural,critical,style,should_fix,critical,bug,should_fix
182,40,procedural,major,performance,should_fix,major,performance,should_fix
183,40,procedural,critical,design,must_fix,critical,design,must_fix
184,40,procedural,critical,bug,must_fix,critical,bug,must_fix
185,40,procedural,trivial,documentation,should_fix,trivial,design,should_fix
186,41,functional,trivial,performance,ignore,trivial,performance,ignore
187,41,functional,minor,style,consider_fixing,minor,style,consider_fixing
188,41,functional,minor,performance,consider_fixing,minor,performance,consider_fixing
189,41,functional,critical,performance,must_fix,critical,performance,must_fix
190,41,functional,minor,design,should_fix,minor,design,should_fix
191,42,object_oriented,minor,design,consider_fixing,minor,design,consider_fixing
192,42,object_oriented,major,documentation,must_fix,major,documentation,must_fix
193,42,object_oriented,minor,documentation,should_fix,minor,documentation,should_fix
194,42,object_oriented,minor,documentation,must_fix,minor,documentation,must_fix
195,42,object_oriented,minor,documentation,consider_fixing,minor,documentation,consider_fixing
196,43,functional,trivial,design,ignore,trivial,design,ignore
197,43,functional,minor,design,consider_fixing,minor,design,consider_fixing
198,43,functional,major,documentation,must_fix,major,documentation,must_fix
199,43,functional,trivial,bug,ignore,trivial,bug,ignore
200,43,functional,major,performance,should_fix,minor,performance,should_fix
201,43,functional,trivial,style,ignore,trivial,style,ignore
202,43,functional,minor,bug,consider_fixing,minor,bug,consider_fixing
203,44,object_oriented,minor,design,consider_fixing,critical,design,consider_fixing
204,44,object_oriented,critical,style,must_fix,critical,performance,must_fix
205,44,object_oriented,critical,style,must_fix,critical,style,must_fix
206,44,object_oriented,major,performance,should_fix,major,performance,should_fix
207,44,object_oriented,major,documentation,should_fix,major,documentation,must_fix
208,45,procedural,critical,bug,must_fix,critical,design,must_fix
209,45,procedural,minor,design,consider_fixing,minor,design,consider_fixing
210,45,procedural,major,style,should_fix,major,style,should_fix
211,45,procedural,minor,design,consider_fixing,trivial,design,ignore
212,45,procedural,minor,design,must_fix,minor,design,must_fix
213,45,procedural,minor,bug,consider_fixing,minor,bug,consider_fixing
214,45,procedural,major,bug,should_fix,major,bug,should_fix
215,46,object_oriented,minor,style,consider_fixing,minor,design,consider_fixing
216,46,object_oriented,minor,design,consider_fixing,minor,design,consider_fixing
217,46,object_oriented,minor,performance,consider_fixing,trivial,performance,consider_fixing
218,47,procedural,major,documentation,should_fix,major,documentation,should_fix
219,47,procedural,major,performance,should_fix,critical,performance,should_fix
220,47,procedural,minor,design,consider_fixing,minor,bug,consider_fixing
221,48,functional,trivial,design,ignore,trivial,design,ignore
222,48,functional,minor,style,should_fix,trivial,style,should_fix
223,48,functional,minor,documentation,consider_fixing,minor,documentation,consider_fixing
224,48,functional,major,style,should_fix,major,style,should_fix
225,48,functional,critical,performance,must_fix,critical,design,must_fix
226,48,functional,major,bug,must_fix,major,style,must_fix
227,49,procedural,major,style,should_fix,major,style,must_fix
228,49,procedural,minor,bug,consider_fixing,major,bug,consider_fixing
229,49,procedural,major,performance,should_fix,major,performance,should_fix
230,49,procedural,critical,style,must_fix,critical,style,must_fix
231,50,functional,trivial,style,ignore,trivial,style,ignore
232,50,functional,trivial,design,ignore,trivial,bug,ignore
233,50,functional,major,bug,should_fix,major,bug,should_fix
234,50,functional,major,documentation,should_fix,major,documentation,should_fix
235,51,object_oriented,critical,bug,must_fix,critical,bug,must_fix
236,51,object_oriented,minor,bug,consider_fixing,trivial,bug,consider_fixing
237,52,functional,critical,style,must_fix,critical,style,should_fix
238,52,functional,minor,performance,should_fix,minor,design,should_fix
239,53,object_oriented,major,documentation,should_fix,major,documentation,should_fix
240,53,object_oriented,trivial,documentation,consider_fixing,trivial,documentation,consider_fixing
241,53,object_oriented,minor,style,consider_fixing,minor,style,consider_fixing
242,54,procedural,major,bug,should_fix,major,bug,should_fix
243,54,procedural,critical,performance,should_fix,critical,performance,should_fix
244,54,procedural,minor,documentation,consider_fixing,minor,documentation,consider_fixing
245,54,procedural,minor,design,must_fix,minor,design,must_fix
246,55,object_oriented,minor,design,consider_fixing,minor,design,consider_fixing
247,55,object_oriented,critical,design,must_fix,critical,bug,must_fix
248,55,object_oriented,trivial,documentation,ignore,trivial,documentation,ignore
249,55,object_oriented,minor,design,consider_fixing,minor,design,consider_fixing
250,55,object_oriented,critical,documentation,must_fix,critical,documentation,must_fix
251,55,object_oriented,minor,documentation,consider_fixing,minor,documentation,should_fix
252,56,procedural,major,design,consider_fixing,major,design,consider_fixing
253,56,procedural,major,design,should_fix,major,design,should_fix
254,56,procedural,critical,style,consider_fixing,critical,style,consider_fixing
255,56,procedural,critical,style,should_fix,critical,style,should_fix
256,57,functional,major,design,should_fix,major,design,should_fix
257,57,functional,trivial,performance,ignore,trivial,performance,ignore
258,57,functional,minor,performance,consider_fixing,minor,performance,consider_fixing
259,57,functional,minor,bug,consider_fixing,minor,bug,consider_fixing
260,57,functional,trivial,design,ignore,trivial,design,ignore
261,58,procedural,minor,design,consider_fixing,minor,design,consider_fixing
262,58,procedural,major,performance,should_fix,major,performance,should_fix
263,58,procedural,major,style,must_fix,major,design,must_fix
264,58,procedural,critical,style,must_fix,critical,style,must_fix
265,59,functional,minor,design,consider_fixing,minor,design,consider_fixing
266,59,functional,trivial,documentation,ignore,trivial,documentation,ignore
267,59,functional,minor,bug,consider_fixing,minor,bug,consider_fixing
268,59,functional,trivial,performance,ignore,trivial,performance,ignore
269,59,functional,minor,documentation,consider_fixing,minor,documentation,consider_fixing
270,60,object_oriented,major,style,consider_fixing,critical,style,consider_fixing
271,60,object_oriented,major,bug,should_fix,critical,bug,should_fix
272,60,object_oriented,major,documentation,should_fix,major,documentation,should_fix
273,60,object_oriented,minor,bug,consider_fixing,minor,bug,ignore
274,60,object_oriented,major,bug,should_fix,major,bug,should_fix
275,60,object_oriented,major,documentation,should_fix,major,documentation,should_fix
276,60,object_oriented,trivial,bug,consider_fixing,trivial,style,consider_fixing
277,60,object_oriented,minor,design,consider_fixing,minor,design,should_fix
278,61,functional,minor,documentation,consider_fixing,minor,documentation,consider_fixing
279,61,functional,critical,bug,must_fix,critical,bug,should_fix
280,61,functional,minor,documentation,consider_fixing,trivial,performance,consider_fixing
281,61,functional,major,design,must_fix,major,performance,must_fix
282,62,object_oriented,critical,design,must_fix,critical,design,must_fix
283,62,object_oriented,major,design,consider_fixing,critical,design,consider_fixing
284,63,procedural,major,design,should_fix,critical,design,should_fix
285,63,procedural,major,bug,should_fix,major,bug,should_fix
286,64,object_oriented,major,documentation,should_fix,major,bug,should_fix
287,64,object_oriented,minor,bug,consider_fixing,minor,bug,consider_fixing
288,64,object_oriented,major,documentation,should_fix,major,documentation,should_fix
289,65,procedural,major,bug,should_fix,major,bug,should_fix
290,65,procedural,minor,bug,consider_fixing,minor,bug,consider_fixing
291,65,procedural,minor,documentation,consider_fixing,minor,documentation,consider_fixing
292,65,procedural,critical,documentation,must_fix,critical,documentation,must_fix
293,65,procedural,critical,bug,must_fix,critical,bug,must_fix
294,65,procedural,trivial,bug,ignore,trivial,bug,ignore
295,66,functional,major,performance,should_fix,major,performance,should_fix
296,66,functional,critical,documentation,must_fix,critical,documentation,should_fix
297,66,functional,trivial,design,ignore,trivial,design,ignore
298,66,functional,major,bug,should_fix,major,bug,should_fix
299,67,procedural,critical,style,must_fix,major,bug,must_fix
300,67,procedural,minor,design,consider_fixing,major,design,consider_fixing
301,67,procedural,critical,bug,must_fix,critical,bug,must_fix
302,68,functional,major,design,should_fix,minor,design,should_fix
303,68,functional,minor,bug,consider_fixing,minor,bug,consider_fixing
304,68,functional,minor,documentation,consider_fixing,minor,documentation,consider_fixing
305,68,functional,minor,documentation,should_fix,minor,documentation,should_fix
306,69,object_oriented,critical,design,must_fix,major,design,must_fix
307,69,object_oriented,major,style,should_fix,major,style,should_fix
308,69,object_oriented,critical,bug,must_fix,critical,bug,must_fix
309,70,functional,major,design,should_fix,major,design,should_fix
310,70,functional,minor,performance,consider_fixing,minor,performance,consider_fixing
311,70,functional,trivial,style,ignore,trivial,style,ignore
312,70,functional,critical,bug,must_fix,minor,bug,must_fix
313,70,functional,trivial,documentation,ignore,trivial,documentation,consider_fixing
314,70,functional,minor,bug,consider_fixing,minor,bug,consider_fixing
315,70,functional,trivial,bug,ignore,trivial,bug,ignore
316,70,functional,major,documentation,must_fix,major,documentation,must_fix
317,71,object_oriented,minor,performance,consider_fixing,major,performance,consider_fixing
318,71,object_oriented,critical,performance,must_fix,trivial,performance,must_fix
319,71,object_oriented,critical,performance,must_fix,critical,performance,must_fix
320,71,object_oriented,critical,performance,must_fix,critical,performance,must_fix
321,72,procedural,minor,design,consider_fixing,minor,design,consider_fixing
322,72,procedural,trivial,bug,ignore,trivial,bug,ignore
323,72,procedural,major,design,should_fix,minor,design,should_fix
324,72,procedural,critical,performance,must_fix,critical,style,must_fix
325,72,procedural,minor,bug,consider_fixing,minor,bug,consider_fixing
326,72,procedural,minor,documentation,consider_fixing,minor,documentation,consider_fixing
327,72,procedural,major,bug,should_fix,major,bug,should_fix
328,72,procedural,major,design,should_fix,critical,design,should_fix
329,73,object_oriented,minor,performance,consider_fixing,minor,performance,consider_fixing
330,73,object_oriented,major,design,must_fix,major,design,must_fix
331,73,object_oriented,major,performance,should_fix,major,performance,consider_fixing
332,73,object_oriented,critical,documentation,must_fix,critical,documentation,must_fix
333,74,procedural,critical,bug,must_fix,critical,bug,must_fix
334,74,procedural,critical,style,must_fix,critical,style,must_fix
335,74,procedural,critical,style,must_fix,critical,style,must_fix
336,74,procedural,critical,bug,consider_fixing,critical,bug,ignore
337,75,functional,major,documentation,must_fix,major,documentation,must_fix
338,75,functional,major,documentation,consider_fixing,minor,documentation,consider_fixing
339,76,procedural,minor,bug,should_fix,minor,bug,should_fix
340,76,procedural,critical,documentation,consider_fixing,critical,documentation,should_fix
341,76,procedural,minor,documentation,consider_fixing,minor,documentation,consider_fixing
342,77,functional,minor,performance,should_fix,minor,performance,should_fix
343,77,functional,minor,style,ignore,minor,style,ignore
344,77,functional,major,design,must_fix,major,design,must_fix
345,77,functional,minor,bug,consider_fixing,minor,bug,consider_fixing
346,77,functional,trivial,style,should_fix,trivial,style,should_fix
347,77,functional,minor,performance,consider_fixing,minor,performance,consider_fixing
348,77,functional,minor,performance,should_fix,minor,performance,should_fix
349,77,functional,minor,design,consider_fixing,minor,design,consider_fixing
350,78,object_oriented,minor,design,consider_fixing,minor,style,ignore
351,78,object_oriented,trivial,design,ignore,trivial,design,ignore
352,78,object_oriented,major,style,must_fix,major,style,should_fix
353,78,object_oriented,critical,bug,must_fix,critical,bug,must_fix
354,78,object_oriented,major,design,should_fix,major,style,should_fix
355,78,object_oriented,minor,bug,consider_fixing,minor,style,consider_fixing
356,79,functional,minor,performance,consider_fixing,minor,performance,consider_fixing
357,79,functional,trivial,style,ignore,trivial,style,ignore
358,79,functional,critical,bug,must_fix,critical,bug,must_fix
359,79,functional,major,bug,should_fix,minor,bug,should_fix
360,79,functional,trivial,performance,ignore,trivial,performance,ignore
361,79,functional,major,performance,should_fix,major,performance,should_fix
362,80,object_oriented,minor,documentation,consider_fixing,minor,documentation,consider_fixing
363,80,object_oriented,major,bug,should_fix,major,bug,should_fix
364,80,object_oriented,major,performance,should_fix,major,performance,consider_fixing
365,80,object_oriented,critical,bug,must_fix,critical,bug,must_fix
366,80,object_oriented,critical,documentation,must_fix,critical,documentation,should_fix
367,80,object_oriented,trivial,documentation,ignore,trivial,documentation,consider_fixing
368,80,object_oriented,major,design,should_fix,major,design,should_fix
369,80,object_oriented,major,style,should_fix,major,style,should_fix
370,80,object_oriented,major,documentation,should_fix,major,documentation,should_fix
371,81,procedural,major,bug,should_fix,major,bug,should_fix
372,81,procedural,critical,documentation,must_fix,major,documentation,must_fix
373,81,procedural,minor,documentation,consider_fixing,minor,documentation,should_fix
374,81,procedural,major,design,should_fix,major,design,should_fix
375,82,object_oriented,minor,documentation,ignore,minor,documentation,consider_fixing
376,82,object_oriented,major,design,must_fix,major,design,must_fix
377,82,object_oriented,minor,design,consider_fixing,minor,design,consider_fixing
378,83,procedural,major,bug,should_fix,major,bug,ignore
379,83,procedural,major,performance,should_fix,major,performance,should_fix
380,83,procedural,critical,bug,must_fix,critical,bug,must_fix
381,83,procedural,minor,performance,consider_fixing,minor,performance,consider_fixing
382,83,procedural,major,performance,should_fix,major,performance,should_fix
383,83,procedural,critical,design,must_fix,critical,design,must_fix
384,83,procedural,critical,bug,should_fix,critical,bug,should_fix
385,83,procedural,minor,style,consider_fixing,minor,style,consider_fixing
386,84,functional,trivial,design,ignore,trivial,design,ignore
387,84,functional,major,style,should_fix,major,style,should_fix
388,84,functional,trivial,style,ignore,trivial,style,ignore
389,85,procedural,critical,bug,should_fix,critical,design,should_fix
390,85,procedural,minor,performance,consider_fixing,minor,performance,consider_fixing
391,86,functional,trivial,bug,ignore,minor,style,ignore
392,86,functional,minor,design,must_fix,minor,design,must_fix
393,87,object_oriented,trivial,documentation,ignore,minor,documentation,ignore
394,87,object_oriented,trivial,documentation,ignore,trivial,documentation,ignore
395,87,object_oriented,major,design,should_fix,major,design,should_fix
396,87,object_oriented,minor,documentation,consider_fixing,minor,documentation,consider_fixing
397,87,object_oriented,major,design,should_fix,major,design,should_fix
398,87,object_oriented,critical,performance,should_fix,major,performance,should_fix
399,87,object_oriented,minor,style,consider_fixing,minor,style,consider_fixing
400,88,functional,trivial,bug,ignore,trivial,bug,ignore
401,88,functional,trivial,documentation,ignore,trivial,documentation,ignore
402,88,functional,trivial,style,consider_fixing,trivial,bug,ignore
403,88,functional,minor,performance,consider_fixing,minor,performance,should_fix
404,88,functional,critical,performance,must_fix,critical,performance,must_fix
405,89,object_oriented,critical,performance,must_fix,critical,performance,must_fix
406,89,object_oriented,trivial,documentation,ignore,trivial,documentation,ignore
407,89,object_oriented,major,style,consider_fixing,major,style,consider_fixing
408,89,object_oriented,trivial,performance,ignore,trivial,performance,ignore
409,89,object_oriented,minor,performance,consider_fixing,minor,performance,consider_fixing
410,89,object_oriented,minor,bug,should_fix,minor,bug,should_fix
411,90,procedural,critical,design,consider_fixing,critical,design,consider_fixing
412,90,procedural,trivial,bug,ignore,trivial,bug,ignore
413,90,procedural,critical,bug,should_fix,critical,style,should_fix
414,90,procedural,major,style,should_fix,major,style,should_fix
415,90,procedural,major,style,should_fix,critical,style,should_fix
416,91,object_oriented,trivial,design,consider_fixing,trivial,design,consider_fixing
417,91,object_oriented,critical,performance,must_fix,critical,performance,must_fix
418,91,object_oriented,minor,style,ignore,minor,style,ignore
419,91,object_oriented,critical,style,must_fix,major,style,must_fix
420,91,object_oriented,critical,documentation,must_fix,critical,documentation,should_fix
421,91,object_oriented,major,bug,should_fix,minor,bug,should_fix
422,91,object_oriented,critical,performance,must_fix,critical,performance,must_fix
423,91,object_oriented,major,bug,should_fix,major,bug,must_fix
424,91,object_oriented,trivial,style,ignore,trivial,style,ignore
425,92,procedural,critical,style,must_fix,critical,style,must_fix
426,92,procedural,critical,style,must_fix,trivial,style,must_fix
427,92,procedural,major,style,should_fix,major,design,should_fix
428,92,procedural,critical,bug,must_fix,critical,bug,must_fix
429,93,functional,trivial,performance,consider_fixing,trivial,performance,consider_fixing
430,93,functional,minor,design,should_fix,minor,style,should_fix
431,93,functional,trivial,style,consider_fixing,trivial,style,consider_fixing
432,93,functional,trivial,design,ignore,trivial,design,ignore
433,93,functional,trivial,documentation,ignore,trivial,documentation,ignore
434,94,procedural,minor,bug,consider_fixing,minor,bug,consider_fixing
435,94,procedural,minor,performance,should_fix,minor,performance,must_fix
436,94,procedural,critical,documentation,must_fix,critical,documentation,must_fix
437,94,procedural,critical,documentation,must_fix,critical,documentation,must_fix
438,94,procedural,critical,style,consider_fixing,critical,style,consider_fixing
439,94,procedural,trivial,design,ignore,minor,design,ignore
440,94,procedural,major,documentation,should_fix,major,documentation,should_fix
441,95,functional,critical,documentation,must_fix,critical,documentation,must_fix
442,95,functional,minor,documentation,consider_fixing,minor,performance,consider_fixing
443,95,functional,trivial,documentation,ignore,trivial,documentation,ignore
444,96,object_oriented,critical,style,must_fix,critical,style,must_fix
445,96,object_oriented,major,style,should_fix,major,style,should_fix
446,96,object_oriented,minor,performance,consider_fixing,major,performance,consider_fixing
447,96,object_oriented,minor,bug,consider_fixing,minor,bug,consider_fixing
448,96,object_oriented,trivial,design,ignore,trivial,design,ignore
449,96,object_oriented,minor,documentation,should_fix,major,documentation,should_fix
450,96,object_oriented,critical,performance,must_fix,critical,performance,must_fix
451,96,object_oriented,trivial,design,ignore,trivial,bug,ignore
452,97,functional,minor,performance,should_fix,minor,performance,should_fix
453,97,functional,minor,style,should_fix,major,design,should_fix
454,97,functional,major,design,should_fix,major,performance,should_fix
455,97,functional,minor,performance,consider_fixing,minor,performance,should_fix
456,97,functional,critical,performance,must_fix,critical,performance,must_fix
457,98,object_oriented,minor,design,consider_fixing,minor,design,consider_fixing
458,98,object_oriented,major,performance,should_fix,major,performance,should_fix
459,98,object_oriented,minor,documentation,should_fix,minor,documentation,should_fix
460,98,object_oriented,major,documentation,should_fix,major,documentation,should_fix
461,98,object_oriented,trivial,style,ignore,trivial,style,ignore
462,99,procedural,minor,bug,consider_fixing,major,bug,consider_fixing
463,99,procedural,minor,bug,consider_fixing,minor,bug,consider_fixing
464,100,object_oriented,minor,design,consider_fixing,major,design,consider_fixing
465,100,object_oriented,minor,bug,should_fix,minor,bug,must_fix
466,100,object_oriented,major,design,should_fix,trivial,design,should_fix
467,100,object_oriented,minor,style,consider_fixing,minor,style,consider_fixing
468,100,object_oriented,critical,style,must_fix,critical,style,must_fix
469,100,object_oriented,major,bug,should_fix,major,bug,should_fix
470,100,object_oriented,minor,bug,should_fix,minor,bug,should_fix
471,100,object_oriented,trivial,bug,ignore,trivial,bug,ignore
472,101,procedural,major,documentation,should_fix,major,documentation,should_fix
473,101,procedural,trivial,performance,ignore,trivial,documentation,ignore
474,101,procedural,major,design,should_fix,major,style,should_fix
475,101,procedural,trivial,bug,ignore,trivial,bug,ignore
476,101,procedural,critical,style,must_fix,critical,style,must_fix
477,101,procedural,major,style,must_fix,major,style,must_fix
478,101,procedural,critical,design,must_fix,major,design,must_fix
479,101,procedural,major,style,should_fix,major,performance,should_fix
480,101,procedural,critical,design,should_fix,major,design,should_fix
481,102,functional,minor,performance,consider_fixing,minor,performance,consider_fixing
482,102,functional,minor,bug,consider_fixing,minor,bug,consider_fixing
483,102,functional,trivial,bug,should_fix,minor,bug,should_fix
484,103,procedural,major,documentation,must_fix,major,documentation,must_fix
485,103,procedural,minor,style,consider_fixing,minor,style,consider_fixing
486,103,procedural,major,style,should_fix,major,style,should_fix
487,103,procedural,major,performance,should_fix,critical,performance,should_fix
488,104,functional,minor,design,consider_fixing,trivial,design,consider_fixing
489,104,functional,minor,design,consider_fixing,minor,design,consider_fixing
490,104,functional,minor,documentation,consider_fixing,minor,documentation,should_fix
491,104,functional,minor,design,should_fix,minor,design,should_fix
492,105,object_oriented,major,documentation,should_fix,major,documentation,should_fix
493,105,object_oriented,minor,style,should_fix,minor,style,should_fix
494,105,object_oriented,minor,bug,ignore,trivial,bug,ignore
495,105,object_oriented,trivial,bug,ignore,trivial,bug,ignore
496,106,functional,major,documentation,should_fix,critical,documentation,should_fix
497,106,functional,critical,style,must_fix,critical,design,should_fix
498,106,functional,major,bug,should_fix,major,bug,should_fix
499,106,functional,major,design,should_fix,major,design,consider_fixing
500,106,functional,critical,performance,must_fix,critical,performance,must_fix
501,106,functional,major,bug,should_fix,major,bug,should_fix
502,106,functional,minor,performance,consider_fixing,minor,performance,consider_fixing
503,106,functional,trivial,documentation,should_fix,critical,performance,should_fix
504,106,functional,minor,performance,consider_fixing,minor,performance,should_fix
505,107,object_oriented,minor,bug,consider_fixing,minor,bug,consider_fixing
506,107,object_oriented,critical,documentation,must_fix,critical,documentation,must_fix
507,107,object_oriented,minor,style,should_fix,major,style,should_fix
508,107,object_oriented,minor,style,consider_fixing,trivial,style,consider_fixing
509,107,object_oriented,minor,design,consider_fixing,minor,design,should_fix
510,108,procedural,critical,documentation,must_fix,critical,documentation,must_fix
511,108,procedural,trivial,bug,ignore,trivial,bug,ignore
512,108,procedural,major,performance,must_fix,major,performance,must_fix
513,108,procedural,critical,bug,must_fix,critical,bug,must_fix
514,108,procedural,critical,bug,must_fix,critical,bug,must_fix
515,108,procedural,critical,bug,must_fix,critical,bug,must_fix
516,109,object_oriented,trivial,style,consider_fixing,trivial,style,consider_fixing
517,109,object_oriented,critical,bug,ignore,critical,bug,consider_fixing
518,109,object_oriented,trivial,performance,ignore,trivial,performance,ignore
519,109,object_oriented,minor,bug,should_fix,minor,design,should_fix
520,109,object_oriented,major,style,must_fix,major,style,must_fix
521,109,object_oriented,major,design,must_fix,critical,documentation,must_fix
522,109,object_oriented,major,style,should_fix,major,design,should_fix
523,110,procedural,trivial,bug,ignore,trivial,bug,ignore
524,110,procedural,critical,performance,must_fix,major,performance,must_fix
525,110,procedural,minor,style,should_fix,minor,style,must_fix
526,110,procedural,trivial,design,consider_fixing,trivial,bug,consider_fixing
527,110,procedural,trivial,documentation,consider_fixing,trivial,documentation,should_fix
528,110,procedural,minor,bug,consider_fixing,minor,bug,consider_fixing
529,110,procedural,critical,design,must_fix,critical,design,must_fix
530,110,procedural,major,design,consider_fixing,major,style,consider_fixing
531,110,procedural,critical,design,must_fix,critical,design,must_fix
532,110,procedural,critical,design,must_fix,critical,design,must_fix
533,111,functional,major,design,must_fix,critical,design,must_fix
534,111,functional,minor,documentation,consider_fixing,minor,documentation,consider_fixing
535,111,functional,major,style,should_fix,major,style,should_fix
536,111,functional,minor,bug,consider_fixing,major,bug,consider_fixing
537,111,functional,minor,style,should_fix,trivial,performance,should_fix
538,111,functional,trivial,documentation,ignore,trivial,documentation,ignore
539,111,functional,critical,design,must_fix,critical,design,must_fix
540,111,functional,major,performance,must_fix,major,performance,must_fix
541,111,functional,minor,documentation,consider_fixing,major,performance,consider_fixing
542,111,functional,major,bug,should_fix,critical,bug,should_fix
543,112,procedural,major,documentation,should_fix,major,documentation,should_fix
544,112,procedural,critical,style,must_fix,critical,style,must_fix
545,112,procedural,major,style,should_fix,major,style,should_fix
546,112,procedural,critical,documentation,must_fix,critical,documentation,must_fix
547,112,procedural,critical,design,must_fix,critical,design,must_fix
548,112,procedural,minor,style,consider_fixing,minor,style,ignore
549,112,procedural,trivial,design,ignore,trivial,design,ignore
550,113,functional,trivial,design,ignore,trivial,bug,ignore
551,113,functional,trivial,documentation,ignore,trivial,documentation,ignore
552,113,functional,trivial,design,ignore,minor,documentation,ignore
553,113,functional,minor,design,consider_fixing,minor,design,consider_fixing
554,114,object_oriented,major,style,should_fix,major,style,should_fix
555,114,object_oriented,major,bug,ignore,critical,bug,ignore
556,114,object_oriented,major,style,should_fix,minor,style,should_fix
557,114,object_oriented,minor,design,consider_fixing,minor,design,must_fix
558,114,object_oriented,minor,style,consider_fixing,minor,style,consider_fixing
559,115,functional,minor,performance,consider_fixing,minor,performance,consider_fixing
560,115,functional,minor,performance,consider_fixing,minor,performance,should_fix
561,115,functional,minor,bug,must_fix,minor,bug,must_fix
562,115,functional,minor,performance,should_fix,minor,performance,should_fix
563,116,object_oriented,minor,performance,consider_fixing,minor,performance,consider_fixing
564,116,object_oriented,major,performance,should_fix,major,design,should_fix
565,116,object_oriented,major,documentation,should_fix,major,documentation,should_fix
566,116,object_oriented,trivial,design,ignore,trivial,design,ignore
567,116,object_oriented,trivial,design,ignore,trivial,design,ignore
568,117,procedural,trivial,bug,consider_fixing,trivial,bug,consider_fixing
569,117,procedural,critical,documentation,must_fix,critical,documentation,should_fix
570,117,procedural,major,bug,should_fix,critical,bug,must_fix
571,117,procedural,minor,performance,consider_fixing,minor,performance,consider_fixing
572,117,procedural,minor,documentation,consider_fixing,minor,documentation,consider_fixing
573,117,procedural,major,documentation,should_fix,major,documentation,should_fix
574,118,object_oriented,major,documentation,must_fix,major,documentation,must_fix
575,118,object_oriented,critical,design,must_fix,critical,design,must_fix
576,118,object_oriented,minor,style,should_fix,trivial,style,should_fix
577,118,object_oriented,major,bug,should_fix,major,design,should_fix
578,118,object_oriented,major,documentation,should_fix,major,style,should_fix
579,118,object_oriented,minor,performance,consider_fixing,minor,documentation,consider_fixing
580,119,procedural,major,design,should_fix,major,performance,should_fix
581,119,procedural,trivial,documentation,ignore,trivial,documentation,ignore
582,120,functional,major,design,must_fix,major,design,must_fix
583,120,functional,minor,style,consider_fixing,minor,style,consider_fixing
584,120,functional,minor,documentation,consider_fixing,minor,documentation,consider_fixing
585,120,functional,minor,documentation,ignore,minor,documentation,ignore
586,121,procedural,major,style,should_fix,major,style,should_fix
587,121,procedural,critical,bug,must_fix,critical,bug,must_fix
588,121,procedural,critical,documentation,must_fix,critical,documentation,must_fix
589,121,procedural,minor,documentation,consider_fixing,minor,documentation,consider_fixing
590,122,functional,major,style,ignore,major,style,ignore
591,122,functional,minor,bug,must_fix,minor,bug,must_fix
592,122,functional,minor,design,consider_fixing,minor,design,consider_fixing
593,122,functional,minor,style,consider_fixing,minor,style,consider_fixing
594,122,functional,major,performance,must_fix,major,performance,must_fix
595,122,functional,major,documentation,should_fix,major,documentation,should_fix
596,122,functional,critical,documentation,must_fix,minor,documentation,must_fix
597,123,object_oriented,major,performance,should_fix,major,documentation,should_fix
598,123,object_oriented,major,bug,must_fix,major,bug,must_fix
599,123,object_oriented,major,bug,should_fix,critical,bug,should_fix
600,123,object_oriented,trivial,bug,ignore,trivial,bug,ignore
601,123,object_oriented,minor,performance,consider_fixing,minor,performance,consider_fixing
602,123,object_oriented,trivial,documentation,ignore,trivial,documentation,ignore
603,123,object_oriented,major,design,must_fix,major,design,must_fix
604,123,object_oriented,trivial,bug,consider_fixing,trivial,bug,consider_fixing
605,123,object_oriented,minor,style,ignore,minor,style,ignore
606,124,functional,trivial,performance,ignore,trivial,performance,consider_fixing
607,124,functional,minor,style,should_fix,minor,performance,should_fix
608,124,functional,trivial,style,ignore,trivial,style,ignore
609,125,object_oriented,minor,documentation,consider_fixing,minor,documentation,consider_fixing
610,125,object_oriented,minor,style,must_fix,minor,style,must_fix
611,125,object_oriented,critical,performance,must_fix,critical,performance,must_fix
612,126,procedural,critical,bug,must_fix,critical,bug,must_fix
613,126,procedural,critical,performance,must_fix,critical,performance,must_fix
614,126,procedural,major,design,should_fix,major,design,should_fix
615,126,procedural,critical,documentation,must_fix,critical,documentation,should_fix
616,127,object_oriented,critical,style,must_fix,critical,design,should_fix
617,127,object_oriented,trivial,design,ignore,trivial,design,ignore
618,127,object_oriented,trivial,documentation,ignore,trivial,documentation,ignore
619,128,procedural,critical,design,must_fix,critical,design,must_fix
620,128,procedural,minor,style,consider_fixing,minor,style,consider_fixing
621,128,procedural,major,performance,should_fix,major,documentation,should_fix
622,128,procedural,minor,design,consider_fixing,minor,design,should_fix
623,128,procedural,major,performance,should_fix,major,performance,should_fix
624,129,functional,minor,performance,ignore,minor,performance,ignore
625,129,functional,minor,style,should_fix,minor,style,should_fix
626,129,functional,minor,design,consider_fixing,minor,design,consider_fixing
627,129,functional,trivial,performance,ignore,trivial,performance,ignore
628,129,functional,minor,bug,consider_fixing,major,bug,consider_fixing
629,129,functional,trivial,bug,ignore,trivial,bug,consider_fixing
630,129,functional,major,design,should_fix,major,design,should_fix
631,130,procedural,major,bug,should_fix,major,bug,should_fix
632,130,procedural,major,design,should_fix,major,bug,should_fix
633,131,functional,trivial,design,consider_fixing,trivial,design,consider_fixing
634,131,functional,critical,performance,must_fix,critical,performance,must_fix
635,131,functional,minor,style,consider_fixing,minor,style,consider_fixing
636,131,functional,minor,performance,consider_fixing,minor,performance,should_fix
637,131,functional,major,design,should_fix,major,design,should_fix
638,131,functional,critical,style,must_fix,critical,style,must_fix
639,131,functional,trivial,performance,ignore,trivial,documentation,ignore
640,131,functional,critical,design,must_fix,critical,design,must_fix
641,132,object_oriented,trivial,style,consider_fixing,trivial,bug,consider_fixing
642,132,object_oriented,major,performance,should_fix,critical,performance,must_fix
643,132,object_oriented,major,design,should_fix,critical,design,should_fix
644,132,object_oriented,major,design,should_fix,major,design,should_fix
645,132,object_oriented,trivial,style,ignore,trivial,style,ignore
646,133,functional,major,style,should_fix,major,style,should_fix
647,133,functional,trivial,documentation,ignore,trivial,documentation,ignore
648,133,functional,minor,style,consider_fixing,major,style,consider_fixing
649,133,functional,major,style,should_fix,major,style,should_fix
650,133,functional,minor,documentation,consider_fixing,minor,documentation,consider_fixing
651,133,functional,minor,performance,consider_fixing,minor,performance,consider_fixing
652,134,object_oriented,trivial,documentation,ignore,trivial,documentation,consider_fixing
653,134,object_oriented,major,design,should_fix,major,design,should_fix
654,134,object_oriented,major,documentation,consider_fixing,major,documentation,consider_fixing
655,134,object_oriented,major,bug,should_fix,major,bug,should_fix
656,135,procedural,critical,style,must_fix,critical,documentation,must_fix
657,135,procedural,trivial,design,ignore,minor,design,ignore
658,135,procedural,major,performance,must_fix,major,performance,must_fix
659,135,procedural,minor,style,consider_fixing,major,design,consider_fixing
660,135,procedural,major,documentation,should_fix,major,documentation,should_fix
661,136,object_oriented,minor,performance,should_fix,minor,performance,should_fix
662,136,object_oriented,minor,documentation,should_fix,minor,documentation,should_fix
663,136,object_oriented,trivial,performance,ignore,trivial,performance,ignore
664,136,object_oriented,critical,style,must_fix,critical,style,must_fix
665,136,object_oriented,minor,style,should_fix,minor,style,should_fix
666,136,object_oriented,major,performance,must_fix,major,performance,must_fix
667,136,object_oriented,minor,performance,must_fix,minor,performance,must_fix
668,136,object_oriented,trivial,bug,ignore,trivial,bug,ignore
669,136,object_oriented,trivial,documentation,ignore,trivial,documentation,should_fix
670,137,procedural,trivial,performance,ignore,trivial,performance,ignore
671,137,procedural,critical,performance,must_fix,critical,performance,must_fix
672,137,procedural,major,documentation,should_fix,critical,documentation,should_fix
673,138,functional,trivial,documentation,ignore,trivial,documentation,ignore
674,138,functional,major,bug,must_fix,major,bug,must_fix
675,138,functional,minor,design,consider_fixing,minor,design,consider_fixing
676,138,functional,minor,bug,should_fix,minor,bug,should_fix
677,139,procedural,critical,design,must_fix,critical,design,must_fix
678,139,procedural,major,documentation,should_fix,major,documentation,should_fix
679,139,procedural,major,style,should_fix,critical,style,should_fix
680,139,procedural,critical,documentation,must_fix,critical,style,must_fix
681,139,procedural,major,bug,must_fix,major,bug,must_fix
682,140,functional,critical,performance,must_fix,critical,performance,must_fix
683,140,functional,minor,bug,consider_fixing,minor,style,consider_fixing
684,140,functional,minor,design,should_fix,minor,design,should_fix
685,140,functional,trivial,bug,ignore,trivial,bug,ignore
686,141,object_oriented,minor,performance,should_fix,minor,style,consider_fixing
687,141,object_oriented,major,performance,should_fix,major,performance,should_fix
688,141,object_oriented,major,design,consider_fixing,major,design,consider_fixing
689,142,functional,minor,performance,should_fix,minor,design,should_fix
690,142,functional,minor,performance,consider_fixing,minor,performance,consider_fixing
691,142,functional,trivial,bug,ignore,trivial,design,ignore
692,142,functional,major,performance,must_fix,major,performance,must_fix
693,142,functional,minor,design,should_fix,minor,design,should_fix
694,142,functional,minor,documentation,consider_fixing,trivial,documentation,consider_fixing
695,142,functional,minor,performance,consider_fixing,minor,performance,consider_fixing
696,142,functional,minor,design,consider_fixing,minor,performance,consider_fixing
697,142,functional,trivial,performance,ignore,trivial,design,ignore
698,143,object_oriented,major,bug,should_fix,major,bug,should_fix
699,143,object_oriented,major,documentation,should_fix,major,documentation,should_fix
700,143,object_oriented,critical,documentation,must_fix,critical,documentation,must_fix
701,143,object_oriented,trivial,design,ignore,trivial,documentation,should_fix
702,144,procedural,minor,performance,consider_fixing,minor,performance,consider_fixing
703,144,procedural,critical,performance,consider_fixing,critical,performance,consider_fixing
704,144,procedural,critical,documentation,must_fix,critical,documentation,must_fix
705,144,procedural,major,design,should_fix,major,style,should_fix
706,144,procedural,major,performance,ignore,minor,performance,ignore
707,145,object_oriented,trivial,documentation,ignore,trivial,documentation,ignore
708,145,object_oriented,minor,style,consider_fixing,minor,style,consider_fixing
709,145,object_oriented,critical,documentation,must_fix,critical,documentation,should_fix
710,145,object_oriented,critical,performance,should_fix,critical,performance,should_fix
711,146,procedural,major,performance,must_fix,major,performance,must_fix
712,146,procedural,critical,design,must_fix,critical,design,must_fix
713,146,procedural,critical,performance,must_fix,critical,documentation,must_fix
714,146,procedural,major,performance,consider_fixing,major,performance,should_fix
715,146,procedural,major,bug,should_fix,major,performance,should_fix
716,147,functional,minor,documentation,consider_fixing,minor,documentation,consider_fixing
717,147,functional,minor,style,consider_fixing,minor,style,consider_fixing
718,147,functional,minor,design,consider_fixing,critical,design,consider_fixing
719,147,functional,trivial,documentation,should_fix,trivial,documentation,should_fix
720,147,functional,trivial,performance,ignore,trivial,performance,ignore
721,148,procedural,minor,design,should_fix,trivial,design,should_fix
722,148,procedural,major,bug,should_fix,critical,bug,should_fix
723,148,procedural,major,design,should_fix,major,design,should_fix
724,148,procedural,major,performance,consider_fixing,major,performance,should_fix
725,148,procedural,critical,performance,should_fix,critical,performance,must_fix
726,148,procedural,major,design,should_fix,major,design,should_fix
727,148,procedural,critical,performance,must_fix,critical,performance,must_fix
728,148,procedural,minor,bug,consider_fixing,critical,bug,consider_fixing
729,148,procedural,critical,design,must_fix,critical,design,must_fix
730,149,functional,minor,documentation,consider_fixing,minor,documentation,ignore
731,149,functional,critical,style,must_fix,critical,design,must_fix
732,149,functional,trivial,style,consider_fixing,critical,style,consider_fixing
733,149,functional,major,documentation,should_fix,major,documentation,should_fix
734,149,functional,minor,design,should_fix,minor,design,should_fix
735,150,object_oriented,minor,performance,consider_fixing,minor,performance,consider_fixing
736,150,object_oriented,major,design,should_fix,major,design,consider_fixing
737,150,object_oriented,minor,style,consider_fixing,trivial,style,consider_fixing
738,150,object_oriented,minor,bug,consider_fixing,minor,bug,consider_fixing
739,150,object_oriented,minor,performance,consider_fixing,minor,performance,ignore
740,150,object_oriented,major,design,should_fix,major,design,should_fix
741,150,object_oriented,trivial,documentation,consider_fixing,trivial,documentation,consider_fixing
742,150,object_oriented,trivial,design,ignore,trivial,design,ignore
