session_id,participant_id,paradigm,fixation_count,saccade_count,blink_count,mean_pupil_diameter_mm,pupil_variability
1,1,object_oriented,821,787,5,4.09,0.263
2,1,procedural,1409,1426,20,4.39,0.106
3,1,functional,812,795,18,3.83,0.178
4,2,procedural,1358,1450,10,4.73,0.159
5,2,functional,937,750,14,3.93,0.108
6,2,object_oriented,990,1055,18,4.39,0.118
7,3,functional,994,1153,11,4.47,0.25
8,3,object_oriented,1330,1407,20,3.84,0.2
9,3,procedural,1193,1258,18,4.48,0.266
10,4,object_oriented,1099,1076,7,4.84,0.282
11,4,procedural,1143,1127,19,4.83,0.177
12,4,functional,812,674,12,4.13,0.218
13,5,procedural,1144,1121,15,4.11,0.12
14,5,functional,815,780,12,3.78,0.133
15,5,object_oriented,986,1089,22,4.24,0.203
16,6,functional,1012,1050,7,3.65,0.206
17,6,object_oriented,1092,1118,8,4.59,0.294
18,6,procedural,1040,873,10,4.64,0.183
19,7,object_oriented,796,683,14,3.9,0.267
20,7,procedural,986,975,14,4.07,0.221
21,7,functional,847,857,8,3.92,0.268
22,8,procedural,1449,1570,9,4.43,0.235
23,8,functional,930,946,8,3.65,0.3
24,8,object_oriented,1101,972,18,4.08,0.16
25,9,functional,985,969,14,3.61,0.271
26,9,object_oriented,1132,965,15,4.29,0.171
27,9,procedural,1147,1259,14,4.58,0.236
28,10,object_oriented,967,1148,22,4.19,0.119
29,10,procedural,1240,1142,14,5.2,0.213
30,10,functional,1115,1301,10,3.45,0.279
31,11,procedural,837,871,15,3.97,0.195
32,11,functional,719,664,9,3.56,0.294
33,11,object_oriented,1163,1285,21,3.91,0.274
34,12,functional,1135,1200,16,3.94,0.247
35,12,object_oriented,1277,1527,7,4.25,0.109
36,12,procedural,1476,1221,8,4.07,0.245
37,13,object_oriented,1201,972,12,3.82,0.226
38,13,procedural,1573,1262,8,4.85,0.236
39,13,functional,832,713,14,3.31,0.142
40,14,procedural,1197,1097,9,4.98,0.104
41,14,functional,996,1015,9,3.89,0.143
42,14,object_oriented,1283,1122,13,4.04,0.211
43,15,functional,904,890,9,4.47,0.158
44,15,object_oriented,891,1039,16,4.26,0.132
45,15,procedural,1069,1027,8,4.94,0.257
46,16,object_oriented,1159,1342,15,4.74,0.168
47,16,procedural,1284,1472,22,4.21,0.175
48,16,functional,873,738,18,3.94,0.235
49,17,procedural,1172,1348,9,4.38,0.126
50,17,functional,900,816,12,3.85,0.3
51,17,object_oriented,1049,1000,19,3.87,0.122
52,18,functional,1012,810,16,3.99,0.21
53,18,object_oriented,1305,1237,18,3.99,0.179
54,18,procedural,1275,1258,15,4.47,0.109
55,19,object_oriented,1207,1343,14,4.37,0.238
56,19,procedural,1304,1480,12,4.53,0.153
57,19,functional,928,757,11,3.91,0.191
58,20,procedural,1087,926,19,4.34,0.115
59,20,functional,655,571,11,3.39,0.168
60,20,object_oriented,916,967,15,4.45,0.233
61,21,functional,981,1049,12,3.84,0.221
62,21,object_oriented,902,776,20,3.98,0.287
63,21,procedural,1133,933,16,5.49,0.298
64,22,object_oriented,1079,1144,15,3.66,0.255
65,22,procedural,1374,1439,12,4.28,0.296
66,22,functional,965,835,13,3.82,0.289
67,23,procedural,1483,1506,14,4.27,0.109
68,23,functional,634,700,18,3.58,0.209
69,23,object_oriented,1023,1047,19,3.76,0.28
70,24,functional,743,890,12,3.92,0.232
71,24,object_oriented,1095,1094,14,3.92,0.192
72,24,procedural,1095,1181,26,5.08,0.271
73,25,object_oriented,935,834,13,4.55,0.292
74,25,procedural,1355,1410,13,4.75,0.261
75,25,functional,857,962,9,3.4,0.181
76,26,procedural,1905,1890,15,4.06,0.107
77,26,functional,839,763,11,3.6,0.183
78,26,object_oriented,923,1091,9,4.45,0.145
79,27,functional,1064,1090,11,3.64,0.268
80,27,object_oriented,1015,1178,19,3.83,0.253
81,27,procedural,983,886,12,4.68,0.107
82,28,object_oriented,832,763,20,4.67,0.119
83,28,procedural,1418,1334,19,4.87,0.193
84,28,functional,828,843,12,4.0,0.112
85,29,procedural,1506,1325,10,4.29,0.187
86,29,functional,774,845,13,3.51,0.252
87,29,object_oriented,1184,1334,10,4.28,0.125
88,30,functional,674,744,12,3.66,0.176
89,30,object_oriented,1285,1038,10,4.03,0.154
90,30,procedural,1189,1123,22,5.45,0.126
91,31,object_oriented,1279,1385,13,4.3,0.136
92,31,procedural,1171,951,5,4.95,0.143
93,31,functional,729,617,15,3.94,0.187
94,32,procedural,897,890,14,4.78,0.281
95,32,functional,882,922,16,3.7,0.212
96,32,object_oriented,1346,1364,14,4.2,0.162
97,33,functional,717,849,9,3.79,0.262
98,33,object_oriented,1216,1126,19,4.7,0.114
99,33,procedural,1329,1515,10,4.53,0.137
100,34,object_oriented,1041,912,13,4.12,0.186
101,34,procedural,1299,1167,12,4.95,0.167
102,34,functional,784,691,15,3.86,0.123
103,35,procedural,1375,1430,28,4.84,0.21
104,35,functional,855,748,13,3.92,0.204
105,35,object_oriented,1077,1084,18,3.96,0.21
106,36,functional,745,773,5,3.93,0.239
107,36,object_oriented,910,929,15,4.17,0.175
108,36,procedural,939,1003,15,5.39,0.15
109,37,object_oriented,1028,1074,15,3.86,0.11
110,37,procedural,990,1162,10,5.17,0.223
111,37,functional,743,792,12,4.01,0.165
112,38,procedural,1315,1481,14,4.71,0.299
113,38,functional,883,943,14,3.34,0.231
114,38,object_oriented,896,793,15,3.57,0.174
115,39,functional,947,902,12,3.7,0.257
116,39,object_oriented,1102,993,18,3.36,0.141
117,39,procedural,1138,1304,13,5.0,0.228
118,40,object_oriented,1049,1063,9,4.63,0.184
119,40,procedural,1531,1591,9,4.6,0.182
120,40,functional,789,697,10,3.79,0.102
121,41,procedural,1388,1172,14,4.54,0.289
122,41,functional,959,1084,11,4.09,0.102
123,41,object_oriented,1033,1055,10,4.46,0.115
124,42,functional,864,765,13,3.84,0.154
125,42,object_oriented,933,1083,12,3.83,0.259
126,42,procedural,1189,1170,13,4.9,0.159
127,43,object_oriented,684,744,13,3.84,0.186
128,43,procedural,1366,1383,18,4.75,0.208
129,43,functional,723,790,17,3.26,0.227
130,44,procedural,1067,944,12,4.68,0.149
131,44,functional,739,812,11,3.43,0.274
132,44,object_oriented,916,1008,10,4.78,0.209
133,45,functional,804,947,14,3.82,0.287
134,45,object_oriented,1105,1110,8,4.18,0.236
135,45,procedural,1350,1542,16,5.09,0.277
136,46,object_oriented,1164,1341,16,3.88,0.251
137,46,procedural,1449,1277,8,4.56,0.206
138,46,functional,1019,980,12,3.81,0.182
139,47,procedural,1081,882,14,4.35,0.249
140,47,functional,869,1036,11,4.16,0.298
141,47,object_oriented,1039,860,16,4.01,0.241
142,48,functional,664,543,11,3.38,0.268
143,48,object_oriented,1277,1070,8,3.73,0.216
144,48,procedural,1519,1531,12,3.79,0.252
145,49,object_oriented,923,982,12,4.71,0.132
146,49,procedural,1369,1332,14,4.06,0.161
147,49,functional,1059,1010,13,3.6,0.22
148,50,procedural,1426,1459,15,4.92,0.189
149,50,functional,922,896,12,3.78,0.227
150,50,object_oriented,921,931,19,4.45,0.156
